"[""Albert Ojwang: Emerging WhatsApp chats show blogger's last comments hours before fateful arrest""]",Blogger Albert Ojwang's Haunting WhatsApp Final Messages Surface Hours Before Arrest
['Albert Ojwang: IG Douglas Kanja details post late blogger made about DIG Lagat on X'],Wild Post! IG Kanja Reveals Late Blogger Albert Ojwang's Explosive Claim About DIG Lagat ðŸ‘€
"[""Albert Ojwang' requested water and soda while being transported to Nairobi, Douglas Kanja""]",Albert Ojwang' craves water and soda en route to Nairobi with Douglas Kanja
"[""Albert Ojwang: CCTV at Central Police Station's OCS's office were interfered with, IPOA tells Senate""]",IPOA Bombshell: CCTV Tampered With in Police Chief Albert Ojwang's Office at Central Station
"[""Trans Nzoia Kalenjin elders threaten to curse William Ruto's critics, George Natembeya's sympathisers""]","Elder Fury: Kalenjin Leaders Threaten Ancient Curse on Ruto and Natembeya Critics
Kalenjin Elders Vow Ancient Curse Against Ruto Critics, Natembeya Supporters
Trans Nzoia Elders Promise Curses Against Those Attacking Ruto, Backing Natembeya
Defending Allies: Kalenjin Elders Threaten Curse on Rutoâ€“Natembeya Critics
Ancient Wrath: Elders Vow to Curse Critics of President Ruto and Gov. Natembeya
Curse Threat: Kalenjin Elders Target Ruto Critics & Natembeya Sympathizers
""Beware Our Curse!"" Kalenjin Elders Target Ruto's and Natembeya's Critics
Crossing Kalenjin Elders? Ancient Curses Loom for Ruto, Natembeya Foes
Trans Nzoia Elders: Critics of Ruto and Natembeya Dare Defy Our Curses
Ruto-Natembeya Critics Beware: Kalenjin Elders Invoke Curse Threat"
