original_headline,rewritten_headline,original_description,rewritten_description,image_prompt,image_filepath,url,content_hash,processed_date
KeNHA Announces Temporary Closure of Bridge,Motorists Beware: Bridge Closure Announces for Repairs,"The Kenya National Highways Authority (KeNHA) and Homa Bay County have announced the temporary closure of the Kanyadhiang' Bridge in Kendu Bay to allow for urgent repairs to the approach slab.
In a joint statement, KeNHA and Governor Gladys Wanga announced that the closure is effective from Saturday, June 14, and is expected to last several days as engineers work to restore the bridge‚Äôs full functionality.
''We wish to inform the public about the temporary closure of Kanyadhiang' Bridge in Kendu Bay to allow for urgent repairs on the approach slab,'' the joint statement read in part.
''We would like to assure all road users that while repair works are being carried out on the approach slab, the bridge's main structure remains completely safe and stable,'' the statement continued.
Roads in Homa Bay County, May 31, 2025. PHOTO HOMA BAY COUNTY
Despite the closure, KeNHA has assured the public that the main structure of the bridge remains safe and stable, with only the approach slab requiring reinforcement.
The Authority has deployed teams to fast-track the repair process, ensuring minimal disruption to road users.
While the repairs continue, motorists travelling towards Kindi Bay have been advised to use alternative routes, including a diversion route via the Goshen Hotel, Oluch Intake Bridge, Nyangajo Primary School, and Obama Road, which will reconnect them to the main highway.
Those coming from the Homa Bay direction have been directed to follow the same route in reverse. The alternative path spans approximately five kilometres.
Traffic marshals and police have been strategically positioned to ensure compliance among motorists.
''We request all road users to drive carefully and follow instructions from traffic police and marshals stationed at the diversion points,'' the statement continued.
While the exact day when the bridge will be reopened has not been revealed, KeNHA anticipates that normal traffic flow will resume shortly after the completion of repairs.
KeNHA emphasised that the repairs are necessary to prevent further deterioration of the bridge, which has been experiencing structural strain due to increased traffic and heavy rainfall in recent months.
A KeNHA bridge in one of the counties, June 14, 2025. PHOTO KENHA","The Kanyadhiang' Bridge in Kendu Bay will be temporarily closed from Saturday, June 14, to allow for critical repairs to the approach slab. Despite the closure, the main bridge structure remains stable and safe. KeNHA has assured the public that crews are working diligently to restore full functionality as quickly as possible.","A close-up shot of the Kanyadhiang' Bridge in Kendu Bay, Kenya. Focus on the approach slab with visible cracks and damage. The bridge beams are illuminated by warm sunlight, revealing no structural instability in the main structure.",generated_images\news_d243b983.png,https://www.kenyans.co.ke/news/113110-kenha-announces-temporary-closure-kanyadhiang-bridge-kendu-bay,d243b983768cced3355949aec2c3d7cc,2025-06-14T15:16:29.268669
Charlene Ruto Proposes Way Forward on Albert Ojwang Murder,Ruto Offers Roadmap for Justice in Ojwang Murder Case,"President William Ruto's daughter, Charlene Ruto, has joined Kenyans in mourning the death of Albert Ojwang.
Breaking her silence on the incident that occurred a week ago, Charlene called for national reflection and a generational ceasefire to address rising cases of police brutality.
Speaking after the Youth Leadership Forum in Nairobi, Charlene led the 106 participants in observing a moment of silence for the 31-year-old teacher and social media influencer, whose death in police custody sparked public outrage.
She noted that the tragedy had driven her to deep reflection as she tried to understand the circumstances surrounding Ojwang‚Äôs death.
An image of popular X influencer Albert Ojwang PHOTO LYNN NGUGI
She revealed that the situation was both painful and unfortunate while extending her condolences to the bereaved family.
""I have struggled with deep moments of reflection for the past few days to try and find context around what happened. This is a painful, unfortunate and overwhelming loss, and we share our deepest condolences with his family,"" Charlene wrote in a Twitter post.
Ojwang, a well-known blogger and activist, was arrested in Homa Bay and later detained at Central Police Station in Nairobi, where he died under unclear circumstances.
In response, Charlene called for a generational ceasefire among the youth, urging a shift away from rising extremism, political hostility, and intolerance.
She challenged young people to take responsibility and work towards building the kind of society they wish to live in.
""As a young Kenyan, I would also like to challenge the entire country to embrace a generational ceasefire. These regrettable incidents, extremity and growing intolerance should challenge all of us as a nation to interrogate the environment and culture we want to live in and create for the generations coming after us,"" the President's daughter wrote.
Ojwang's death has become a symbol of Kenya's ongoing struggle with police brutality, which has claimed the lives of many.
Already, Nairobi Central Police OCS Samsob Talam, and Constable James Mukhwana, the sentry who was on duty when Ojwang was brought in, have been arrested as investigations into the incident death continue.
President William Ruto's daughter Charlene Ruto (right) poses for a photo after being appointed Kenya Blood Ambassador on January 18, 2024. PHOTO CHARLENE RUTO","In a moving gesture, President William Ruto's daughter, Charlene Ruto, has called for national reflection and a generational ceasefire to address rising cases of police brutality in the wake of the tragic death of Albert Ojwang. Ojwang, a social media influencer and teacher, died in police custody, sparking widespread public outrage. In her message, Charlene emphasized the need for young people to take responsibility and work towards building a more just and inclusive society.","A scene of national unity in Kenya. A young person kneels in front of a police officer, both wearing solemn expressions. A banner behind them reads ""Justice for Ojwang."" The landscape behind them is a bustling city street filled with families and children, symbolizing the impact of this tragedy on the Kenyan community.",generated_images\news_752f08d2.png,https://www.kenyans.co.ke/news/113109-charlene-ruto-sends-condolences-albert-ojwangs-family-calls-generational-ceasefire,752f08d27f86a6b0e072577f133a4aac,2025-06-14T15:19:57.146799
"Police Bust CBD-Based Phone Theft Syndicate, Recover 75 Phones",Cannabis Phones Stolen in Phone Theft Ring,"An intelligence-led operation by the National Police Service resulted in the arrest of three suspects believed to be part of a Nairobi-based phone theft syndicate.
Through a statement, officers revealed the arrest of the three on Friday, June 13, in the Tsavo area in the Central Business District (CBD).
Aside from the arrests, police recovered 75 mobile phones, seven computers, one microscope, and 20 Universal Flashing Interface (UFI) gadgets.
‚ÄúOn 13 June 2025, police officers from Nairobi Area conducted an intelligence-led operation along Tsavo Street in Nairobi‚Äôs Central Business District (CBD),‚Äù NPS stated.
A collection of Universal Flashing Interface gadgets recovered by the National Police Service from a Nairobi-based phone theft syndicate on Friday, June 13, 2025. PHOTO NATIONAL POLICE SERVICE
‚ÄúDuring the operation, three suspects were arrested, and 75 mobile phones, seven computers, one microscope, and twenty Universal Flashing Interface (UFI) gadgets were recovered,‚Äù they added.
The authorities disclosed that the suspects were in police custody as investigations continued, pending arraignment in court.
At the same time, the police warned the public against involvement in mobile phone theft syndicates and the illegal trade of flashing stolen phones, advising against buying devices from unauthorised dealers.
Phone theft, especially in the heart of Nairobi, is common, with reports of victims of phone theft emerging daily. Unconfirmed reports typically indicate that the stolen phones are taken to downtown Nairobi, where they are flashed and prepared for resale.
The result is a section of unsuspecting Kenyans purchasing these phones, unaware that they are putting themselves on the precipice of being caught on the wrong side of the law.
The phones are normally sold at affordable prices, with many eager to acquire the phones on such good deals. However, most of them do not know that, despite being unaware at the time of purchase, they can still be charged by law for the possession of a stolen mobile device if arrested by authorities.
Recently, the Directorate of Criminal Investigations (DCI) in April announced the arrest of a phone thief behind a notorious phone theft syndicate in Naivasha.
Through a statement, DCI revealed that the suspect was caught red-handed as he was flashing his latest collection of stolen mobile phones. During the raid, detectives disclosed the recovery of 27 stolen phones, a laptop and the mobile flashing kit.
A collection of computers recovered by the National Police Service from a Nairobi-based phone theft syndicate on Friday, June 13, 2025. PHOTO NATIONAL POLICE SERVICE","Police have busted a CBD-based phone theft syndicate, recovering 75 phones, seven computers, a microscope, and 20 Universal Flashing Interface gadgets during an intelligence-led operation. Three suspects are in custody as investigations continue, with authorities warning against involvement in the trade of flashing stolen phones.","A group of four Kenyan men dressed in black stand around a dismantled phone, wires and circuit boards scattered around them. One of them holds a microscope with a smirk, while another brandishes a Universal Flashing Interface device. A banner in the background reads ""Cannabis Phones: Stealing Your Future.",generated_images\news_238c9244.png,https://www.kenyans.co.ke/news/113108-three-arrested-75-phones-recovered-after-police-bust-cbd-based-phone-theft-syndicate,238c9244db9d9b247442a52f765c60d0,2025-06-14T15:22:52.136314
Why Irungu Nyakera Wants SGR Renamed 'Uhuru Rail',Uhuru's Legacy: Can the SGR Be Renamed in His Honor?,"Former Kenyatta International Convention Centre (KICC) chairperson Irungu Nyakera has suggested that the Standard Gauge Railway (SGR) be renamed with a local name like Uhuru Rail to localise it and make it more profitable.
Since its construction, the SGR has been a transformative infrastructural project linking Nairobi and Mombasa while facilitating cargo transport across the country.
However, over the years, concerns have been raised over its performance, profitability, and viability to the country.
Recent reports indicated a decline in passenger numbers, prompting discussions on how to make it more efficient, profitable, and more Kenyan.
Former Kenyatta International Convention Centre (KICC) board chair Irungu Nyakera during an event in November 2023. PHOTO IRUNGU NYAKERA
According to the latest data from the Kenya National Bureau of Statistics (KNBS), SGR passengers dropped by 282,000 last year compared to 2023. Cargo transport via SGR also saw a slight decline, with freight volume dropping from 6,533,000 tonnes in 2023 to 6,531,000 tonnes in 2024.
These declines led to a 50 per cent fare hike introduced in January 2024, which saw economy-class tickets rise from Ksh1,000 to Ksh1,500, and first-class fares jump from Ksh3,000 to Ksh4,500.
Following these developments, Nyakera listed 10 key steps Kenya can implement to improve SGR's performance. Among them is renegotiating SGR loan terms to extend repayment periods and lower interest rates.
Other critical recommendations he has made include the localisation of operations, ensuring that more Kenyan professionals are hired to manage and maintain the railway, switching from diesel to electric trains, and allowing trains to double-stack (carry an extra container on top), like other modern railways, to increase capacity.
He also suggested completing the Naivasha‚ÄìKampala line and prioritising the development of Kisumu Port, incentivising cargo from Mombasa by giving businesses tax or cost incentives to move cargo by rail instead of trucks, and building loading stations and dry ports next to industries to allow manufacturers to ship directly via SGR.
Nyakera also suggested growing the passenger services between major cities, allowing licensed private players like cement companies, logistics firms, and agri-exporters to run their own trains on the SGR, and renaming it with a local name.
According to Nyakera, renaming SGR to a new name like Uhuru Rail or KenRail will give it a Kenyan identity, making Kenyans own it more and reinforcing it as a national asset.
Nyakera believes that with these changes, SGR could reverse its passenger decline, improve cargo efficiency, and solidify its role as a cornerstone of national development
National Youth Service graduates riding the Madaraka Express Passenger Service train from Suswa station in Narok County to Mombasa, September 4, 2024. PHOTO KENYA RAILWAYS","Former KICC chairperson Irungu Nyakera proposes renaming the SGR to ""Uhuru Rail"" to enhance its Kenyan identity and make it more profitable. The move comes as passenger numbers and cargo transport decline, prompting calls for improvements in efficiency and profitability. Nyakera believes that with these changes, SGR can reverse its passenger decline, improve cargo efficiency, and solidify its role as a cornerstone of national development.","A panoramic view of the SGR railway line in Kenya, with the iconic blue and green livery of the train. The scene is set against the backdrop of rolling green hills and vibrant Kenyan landscapes. Prominent figures, such as former KICC chairperson Irungu Nyakera, stand alongside the tracks, engaged in discussions about the renaming of the SGR. The image captures the potential and promise of the SGR, symbolizing the country's aspirations for economic growth and development.",generated_images\news_574fa1c7.png,https://www.kenyans.co.ke/news/113107-how-govt-can-make-sgr-more-profitable-irungu-nyakera,574fa1c71f7f9fedc33222cf3008f1e7,2025-06-14T15:26:14.641503
Govt Introduces Bold New Graphic Warnings on All Tobacco Products,Graphic Warnings Take Center Stage: Tobacco Products Get Bold New Labeling,"The Ministry of Health has introduced new graphic health warnings on all tobacco products nationwide.
Through a statement released on Friday, June 13, the ministry revealed it had gazetted the third batch of 13 warnings to promote effective tobacco control and the protection of public health.
The new warnings, which are also translated into Swahili and feature approved pictures and pictograms, must now appear on all tobacco product packaging.
‚ÄúThis intervention aims to increase public awareness of tobacco-related health risks, deter tobacco use, especially among youth, and protect non-smokers and vulnerable populations,‚Äù noted the ministry.
A collection of some of the new graphic health warnings on all tobacco products gazetted by the Ministry of Health on Friday, June 13, 2025. PHOTO MINISTRY OF HEALTH
The first warning, split into two, reads ‚ÄúWARNING! SMOKING HARMS PEOPLE NEXT TO YOU‚Äù and ‚ÄúWARNING! THIS PRODUCT HARMS PEOPLE NEXT TO YOU.‚Äù
The second warning reads ‚ÄúWARNING! TOBACCO USE CAUSES LUNG DISEASE.‚Äù Notably, all the warnings should be capitalised. It is complemented by a graphic portraying lungs that have not been subjected to tobacco use and those of a perennial smoker.
The third warning ought to be ‚ÄúWARNING! TOBACCO USE HARMS YOUR UNBORN BABY.‚Äù It is accompanied by a graphic of a pregnant woman smoking a cigarette.
The fourth warning must read ‚ÄúWARNING! TOBACCO USE CAUSES HEART DISEASE.‚Äù It features a graphic of a healthy heart and a smoker‚Äôs heart.
The fifth warning reads ‚ÄúWARNING! TOBACCO USE CAUSES INFERTILITY.‚Äù It is accompanied by a blurred-out image of a woman outside a fertility clinic, sulking over her inability to conceive.
Concurrently, the sixth warning states, ‚ÄúWARNING! TOBACCO USE CAUSES IMPOTENCE.‚Äù It features a graphic of a bent cigarette.
The seventh warning, also split into two, is centred around the risk of suffering from mouth cancer. The first section reads ‚ÄúWARNING! THIS PRODUCT IS NOT A SAFE ALTERNATIVE TO CIGARETTES.‚Äù It is followed by ‚ÄúWARNING! THIS PRODUCT CAN CAUSE MOUTH CANCER.‚Äù The warning is followed by a picture of one suffering from mouth cancer.
The eighth warning communicates that tobacco use can cause death. ‚ÄúWARNING! TOBACCO USE KILLS.‚Äù It is accompanied by an image of a coffin.
The addictive dangers of using tobacco products have been listed as the ninth warning, and it has been split into two as well. The first section reads, ‚ÄúWARNING! TOBACCO USE IS ADDICTIVE.‚Äù It features a graphic of a person chained to a vape product.
Meanwhile, the second part refers to the dangers of indulging in ‚Äúsmokeless‚Äù tobacco products, advising against using them as an alternative. It states, ‚ÄúWARNING! THIS PRODUCT IS NOT A SAFE ALTERNATIVE TO CIGARETTES.‚Äù
The tenth warning also refers to the addictive dangers of tobacco use and features a graphic of one in handcuffs. It reads,  ‚ÄúWARNING! TOBACCO USE IS ADDICTIVE.‚Äù 
The eleventh caution informs of the threat tobacco products pose to gum health and the potential for tobacco to lead to tooth loss. It must read, ‚ÄúWARNING! THIS PRODUCT CAN LEAD TO GUM DISEASE AND TOOTH LOSS.‚Äù
The twelfth and thirteenth warnings are also on the potential of tobacco products to lead to gum disease and feature images of damaged mouth cavities as a result of using tobacco.
A collection of new graphic health warnings on all tobacco products gazetted by the Ministry of Health on Friday, June 13, 2025.
PHOTO MINISTRY OF HEALTH","The Ministry of Health has taken a bold step to protect public health by introducing new graphic health warnings on all tobacco products nationwide. The eye-catching warnings, featuring clear visuals and strong messaging, aim to raise awareness of the devastating health consequences of tobacco use and deter young people from starting the harmful habit.","A close-up shot of a pack of cigarettes with a large, eye-catching graphic warning label covering the entire surface. The warning message should be clear and concise, conveying the devastating health consequences of tobacco use. The image should be visually striking and evoke a strong emotional response.",generated_images\news_80d2fe7b.png,https://www.kenyans.co.ke/news/113106-ministry-health-gazettes-new-graphic-warnings-all-tobacco-products,80d2fe7b9c29e29709dd9008282d6edb,2025-06-14T15:29:24.836645
Another Kenyan Dies in Police Custody,Tragedy Grips Kenya: Another Death in Police Custody Sparks Outrage,"A stock theft suspect who had been held at the Katito Police Station in Kisumu has died while in police custody.
According to the station's police, the suspect died by suicide after he allegedly used his vest to hang himself on the cell door.
He had been arrested on suspicion of stealing goats and was held in solitary confinement. Police at the station said they were alerted to a commotion coming from the cell on June 13 at about 10:00 am.
Upon checking the source of the commotion, they realised the suspect had allegedly hanged himself.
Onlookers at the Katito Police Station in Kisumu, June 13, 2025. PHOTO HENIX OBUCHUNJU
His body was moved to the Nyando Morgue pending investigations.
This case comes barely two days after yet another suspect died by alleged suicide at the Ukwala police station in Siaya county on June 12.
The body of the 26-year-old was found hanging on a metal rod in the cells‚Äô toilet, police said. He had been arrested following the issuance of a warrant by a court in the area.
The suspect had been accused of defilement. Police said he hanged himself in a toilet at the cells using his shirt.
According to the police at the Ukwala Police Station, the suspect was found hanging on a metal water pipe with his shirt around his neck.
These subsequent cases of alleged suicide in police stations follow the case of teacher and social media influencer Albert Ojwang, who police had initially alleged had died by suicide at the Central Police Station.
Police claimed Ojwang had self-inflicted injuries by hitting himself on the wall severally.
However, preliminary investigations by the Independent Policing Oversight Authority (IPOA) and a government pathologist have disputed this claim, revealing that Ojwang died from head injuries, neck compression, and multiple bruises, suggesting blunt force trauma and strangulation.
These cases continue to raise questions about the safety of Kenyans in police custody, which is expected to be the safest place, yet is now turning out to be one of the most unsafe.
A photo of Albert Ojwang, who passed away under unclear circumstances on Sunday, June 8 2025. PHOTO ALBERT OJWANG.","In a disturbing turn of events, another Kenyan has died in police custody, adding to a growing list of tragic incidents. The victim, a suspect accused of stock theft, is said to have hanged himself in his cell at the Katito Police Station in Kisumu. The case comes just two days after another suspect died by alleged suicide at the Ukwala police station in Siaya county. These alarming incidents raise serious concerns about the safety of those held in police custody and demand immediate attention to address these issues.","A close-up shot of a police cell door in Kenya, with a hanging sheet visible within. The background shows bustling streets and skyscrapers of Kisumu city.",generated_images\news_7373d4ad.png,https://www.kenyans.co.ke/news/113105-stock-theft-suspect-dies-suicide-cell-katito-police-station-kisumu,7373d4adefd47d8106caa4cdd8e51287,2025-06-14T15:32:39.663386
McDonald Mariga & Victor Wanyama Lose Mother,Tragedy Strikes Kenyan Stars: McDonald Mariga and Victor Wanyama Lose Mother,"Mildred Wanyama, the mother of Kenyan football legends Victor Wanyama and McDonald Mariga, is dead.
Through a statement released on Saturday, June 14, Mariga revealed the news of their mother‚Äôs passing, adding that she passed away in the early hours of Saturday.
He further added that burial arrangements were underway and that further details would be communicated soon.
‚ÄúIt is with great sadness that we announce the passing of our beloved mother, who left us peacefully today morning,‚Äù Mariga stated.
Mildred Wanyama, mother to McDonald Mariga and Victor Wanyama, speaking during a past interview.
DAILY NATION
He added: ‚ÄúWe are currently making arrangements and will share more details soon! Thank you.‚Äù
Mildred, a sporting icon herself, was married to Noah Wanyama, a former footballer who played for AFC Leopards. Together, they had five children: four boys and one girl. Their children include Mariga, Victor, Thomas and Sylvester Wanyama, who are all footballers, and Mercy Wanyama, a professional basketballer in Spain.
Mildred was a netball player in her youth. She met her husband, Noah, in the 1970s when they were both working for Kenya Railways and involved in sports.
She was known for being very supportive of her children's careers and expressed immense pride in their achievements.
Famously, she intervened when Mariga, her eldest son, considered joining the Kenya Defence Forces (KDF) after Form Three, insisting he complete his secondary education. This decision was significant, as it later paved the way for his future success on the European football stage with Italian giants Inter Milan.
With Victor, she has been highlighted as crucial to nurturing the talents of a child who would later become the first Kenyan to play in the prestigious English Premier League (EPL).
Victor also ascended to the role of national team captain, leading the Harambee Stars in the 2019 African Cup of Nations, the first time Kenya featured in more than a decade.
Beyond motherhood, she was a trailblazer in women‚Äôs sports administration, holding senior leadership positions within netball.
Notably, she held the position of Kenya Netball Federation President from 2014 to 2018. 
Aside from that, she actively participated in community and family events, always projecting an image of strength and grace. Her presence at her children's significant milestones, both on and off the field, was a constant source of pride for the family.
Kenyan football legends McDonald Mariga (left) and Victor Wanyama (right). PHOTO MCDONALD MARIGA","Mildred Wanyama, the mother of Kenyan football legends Victor Wanyama and McDonald Mariga, is dead.
Through a statement released on Saturday, June 14, Mariga revealed the news of their mother‚Äôs passing, adding that she passed away in the early hours of Saturday.
He further added that burial arrangements were underway and that further details would be communicated soon.
‚ÄúIt is with great sadness that we announce the passing of our beloved mother, who left us peacefully today morning,‚Äù Mariga stated.
Mildred Wanyama, mother to McDonald Mariga and Victor Wanyama, speaking during a past interview.
DAILY NATION
He added: ‚ÄúWe are currently making arrangements and will share more details soon! Thank you.‚Äù
Mildred, a sporting icon herself, was married to Noah Wanyama, a former footballer who played for AFC Leopards. Together, they had five children: four boys and one girl. Their children include Mariga, Victor, Thomas and Sylvester Wanyama, who are all footballers, and Mercy Wanyama, a professional basketballer in Spain.
Mildred was a netball player in her youth. She met her husband, Noah, in the 1970s when they were both working for Kenya Railways and involved in sports.
She was known for being very supportive of her children's careers and expressed immense pride in their achievements.
Famously, she intervened when Mariga, her eldest son, considered joining the Kenya Defence Forces (KDF) after Form Three, insisting he complete his secondary education. This decision was significant, as it later paved the way for his future success on the European football stage with Italian giants Inter Milan.
With Victor, she has been highlighted as crucial to nurturing the talents of a child who would later become the first Kenyan to play in the prestigious English Premier League (EPL).
Victor also ascended to the role of national team captain, leading the Harambee Stars in the 2019 African Cup of Nations, the first time Kenya featured in more than a decade.
Beyond motherhood, she was a trailblazer in women‚Äôs sports administration, holding senior leadership positions within netball.
Notably, she held the position of Kenya Netball Federation President from 2014 to 2018. 
Aside from that, she actively participated in community and family events, always projecting an image of strength and grace. Her presence at her children's significant milestones, both on and off the field, was a constant source of pride for the family.
Kenyan football legends McDonald Mariga (left) and Victor Wanyama (right). PHOTO MCDONALD MARIGA",A visual representation of: Tragedy Strikes Kenyan Stars: McDonald Mariga and Victor Wanyama Lose Mother,image_generation_failed,https://www.kenyans.co.ke/news/113104-kenyan-football-stars-mcdonald-mariga-victor-wanyama-lose-mother,49c1e9037214f8101197ae74b00fc162,2025-06-14T16:43:11.591722
Kenya Nominates DCI Boss Amin for INTERPOL Role,Kenya Nominates DCI Boss Amin for INTERPOL Role,"Interior Cabinet Secretary Kipchumba Murkomen has nominated the Directorate of Criminal Investigations (DCI)'s Director, Mohamed Amin, as Kenya‚Äôs candidate for election to the INTERPOL Executive Committee, representing the African region.
The move by the CS is aimed at amplifying Africa‚Äôs voice in global security matters.
The elections are set to take place during the 93rd session of the INTERPOL General Assembly, scheduled to take place in Marrakech, Morocco, from November 24 to 27.
Speaking on Friday during the 11th Regional Centre on Small Arms and Light Weapons (RECSA) Council in Nairobi, the Interior CS urged the members to support Amin‚Äôs candidacy, terming it a national milestone and a continental opportunity to shape global policing policy.
Interior CS Kipchumba Murkomen during a stakeholder meeting on Wednesday, April 16 2025. PHOTO KIPCHUMBA MURKOMEN
‚ÄúKenya‚Äôs win will provide an opportunity to champion Africa‚Äôs perspectives and priorities at the highest level of global policing,‚Äù Murkomen said during the RECSA meeting.
The INTERPOL Executive Committee is a governing body responsible for supervising the execution of decisions made by the General Assembly and overseeing the administration of INTERPOL‚Äôs General Secretariat.
Key responsibilities of the INTERPOL Executive Committee include supervising INTERPOL operations, setting agendas, overseeing the Secretary General, promoting international collaboration, and representing regional interests.
If elected, Amin would represent African nations within INTERPOL‚Äôs leadership, ensuring that Africa‚Äôs security concerns, such as cross-border crime, terrorism, and corruption, are prioritised in global policing strategies.
His role would involve liaising with African law enforcement agencies, advocating for capacity-building programmes, and ensuring effective crime-fighting measures across the continent.
With over 30 years in law enforcement, Amin brings deep experience in criminal investigations, counter-terrorism, and international cooperation.
The DCI boss has led high-profile investigations and testified at the ICC. He holds a Master‚Äôs in Criminology and has been decorated with top state honours, including EBS, MBS, and OGW.
As DCI Director, he also oversees INTERPOL's Eastern Africa bureau and has championed reforms in ethics, modernisation, and intelligence sharing. The DCI boss is widely respected for his integrity, leadership, and commitment to community-based policing.
Interpol officers apprehend different fugitive suspects. PHOTO INTERPOL","Interior Cabinet Secretary Kipchumba Murkomen has nominated the Directorate of Criminal Investigations (DCI)'s Director, Mohamed Amin, as Kenya‚Äôs candidate for election to the INTERPOL Executive Committee, representing the African region.
The move by the CS is aimed at amplifying Africa‚Äôs voice in global security matters.
The elections are set to take place during the 93rd session of the INTERPOL General Assembly, scheduled to take place in Marrakech, Morocco, from November 24 to 27.
Speaking on Friday during the 11th Regional Centre on Small Arms and Light Weapons (RECSA) Council in Nairobi, the Interior CS urged the members to support Amin‚Äôs candidacy, terming it a national milestone and a continental opportunity to shape global policing policy.
Interior CS Kipchumba Murkomen during a stakeholder meeting on Wednesday, April 16 2025. PHOTO KIPCHUMBA MURKOMEN
‚ÄúKenya‚Äôs win will provide an opportunity to champion Africa‚Äôs perspectives and priorities at the highest level of global policing,‚Äù Murkomen said during the RECSA meeting.
The INTERPOL Executive Committee is a governing body responsible for supervising the execution of decisions made by the General Assembly and overseeing the administration of INTERPOL‚Äôs General Secretariat.
Key responsibilities of the INTERPOL Executive Committee include supervising INTERPOL operations, setting agendas, overseeing the Secretary General, promoting international collaboration, and representing regional interests.
If elected, Amin would represent African nations within INTERPOL‚Äôs leadership, ensuring that Africa‚Äôs security concerns, such as cross-border crime, terrorism, and corruption, are prioritised in global policing strategies.
His role would involve liaising with African law enforcement agencies, advocating for capacity-building programmes, and ensuring effective crime-fighting measures across the continent.
With over 30 years in law enforcement, Amin brings deep experience in criminal investigations, counter-terrorism, and international cooperation.
The DCI boss has led high-profile investigations and testified at the ICC. He holds a Master‚Äôs in Criminology and has been decorated with top state honours, including EBS, MBS, and OGW.
As DCI Director, he also oversees INTERPOL's Eastern Africa bureau and has championed reforms in ethics, modernisation, and intelligence sharing. The DCI boss is widely respected for his integrity, leadership, and commitment to community-based policing.
Interpol officers apprehend different fugitive suspects. PHOTO INTERPOL",A visual representation of: Kenya Nominates DCI Boss Amin for INTERPOL Role,image_generation_failed,https://www.kenyans.co.ke/news/113103-cs-murkomen-nominates-dci-boss-mohammed-amin-interpol-executive-committee-seat,16e02881d9fea967acd03cef1755598f,2025-06-14T18:23:30.814705
Outrage Erupts Over Police Social Media Post,Police Brutality: Viral Video Triggers Outcry and Demands for Accountability,"It is officially the third Sunday of June, the day set aside to celebrate fathers worldwide. True to form, several government institutions have already started celebrating Father's Day through sentimental posters on social media.
Leading the pack at quarter to 6am was the National Police Service (NPS), which took to social media to celebrate fathers in a simple Father's Day post, unaccompanied by any sentimental caption.
However, the stealth post did not escape Kenyans' attention, as they came out of the woodwork early Sunday morning to criticise the institution's recent miscarriage of justice that left a father childless and a child fatherless.
In a series of replies, Kenyans reminded the police service of the death of blogger and teacher Albert Ojwang in custody, who was the only child of his father.
A Father's Day post by the National Police Service on Sunday, June 15, 2025. PHOTO NATIONAL POLICE SERVICE
""It is not a happy Father's Day for Baba Albert Ojwang and Albert's son,"" one such user stated, followed by another one, writing, ""he was also someone's father,"" with an image of Ojwang.
""What is happy about Father's Day when you are making children fatherless?"" another quipped.
Within the hour, the comment section turned into a tribute to Albert Ojwang, who left behind an infant son and a heartbroken father after his death at Central Police Station last weekend.
The post highlighted the mistrust that has festered between the police and civilians, a sentiment that was captured by one X user, asserting that even police officers' children now feel ashamed of their parents' professions.
""The mistrust between the public and police makes your children think twice before introducing themselves to peers as the offspring of policemen. It is not as simple as introducing oneself as ""my father is a pilot, doctor, engineer or plant operator',"" the user wrote.
Activist Hanifa Adan, who currently writes for the Daily Nation, even dedicated her weekly column to commemorating Ojwang with her article titled ""Father's Day Without a Son: Tears for Albert Ojwang.""
In the same X streets, the first daughter, Charlene Ruto, received a fair share of criticism after posting about her father, President William Ruto, celebrating him on the special day.
As expected, Kenyans laid out their complaints about the president in her comments section, also reflecting on Ojwang's death.
""At least you get to celebrate your father this Father‚Äôs Day. Albert would have loved to do the same, to sit with his dad, laugh, and share a meal, but those who murdered him felt so powerful, so untouchable, they played God, deciding who lives and who dies,"" one of the top comments read.
""You‚Äôve been parading yourself as a youth leader, yet you‚Äôve said nothing about Albert‚Äôs death. A young man was killed. As for your father... I won‚Äôt even go there. The mere thought of his name boils my blood! Just let him know that Kenyans have unanimously endorsed his Wantam!""
Police IG Douglas Kanja during the opening of the United Nations Police Commanders Course at the International Peace Support Training Centre- Karen, Nairobi on January 13, 2025. NPS","Kenyans are outraged after the National Police Service (NPS) celebrated Father's Day with a simple social media post that failed to acknowledge the recent miscarriage of justice that left a father childless and a child fatherless. The post, unaccompanied by any sentimental caption, sparked a flurry of comments expressing sympathy for the father and son, as well as criticism of the police service for its lack of empathy.","A photo of a Kenyan father, his eyes filled with grief, cradling a small baby doll. In the background, a police officer stands stoically, holding a ceremonial Father's Day cake. A sign in the foreground reads: ""Justice Delayed, Hope Ignored.",generated_images\news_87c03da6.png,https://www.kenyans.co.ke/news/113119-outrage-erupts-over-polices-fathers-day-post,87c03da6b324a636213770a033960f2f,2025-06-15T08:19:04.667044
CCTV Footage of Albert Ojwang's Last Moments Emerges,Witness the Final Hours of Kenya's Missing Tycoon: CCTV Footage Surfaces,"A new twist has emerged in the murder case of blogger Albert Ojwang after CCTV footage of his final moments surfaced.
In the clip seen by Kenyans.co.ke, a police vehicle is seen driving into Mbagathi Hospital at 1:35 am. Three officers then emerge from the vehicle, and two of them engage in a brief conversation before walking towards the casualty section of the health facility.
During this time, Ojwang remains at the back of the vehicle, unattended. The officers then reappear at 1:37 am and seem to be making phone calls.
A police vehicle carrying the remains of Albert Ojwang arrives at Mbagathi Hospital on June 8, 2025.
At 1:46 am, two officers emerge from the hospital with a stretcher that is later used to carry Ojwang. They take approximately 12 minutes before loading him onto the stretcher, after requesting assistance from a hospital guard.
Police load Albert Ojwang onto a stretcher at 1:59 am.
Notably, this is now 24 minutes since the police vehicle arrived, highlighting the lack of urgency in attending to Ojwang.
The officers then spend a further 10 minutes in the casualty section and, at 2:11 am, wheel out Ojwang's body, seemingly after the hospital confirmed that the blogger was deceased.
Albert Ojwang is wheeled out of Mbagathi Hospital at 2:11 am.
At 2:15 am, the police vehicle leaves the hospital with the remains of the late Ojwang.
The footage closely matches an earlier report by medics at Mbagathi Hospital, who noted that Ojwang was brought to the facility at around 2 am on June 8 and was unresponsive.
The report indicated that Ojwang had extensive injuries and a swollen face. His limbs also bore a series of severe bruises, highlighting the violent nature of the attack.
This development comes just a day after another suspect was arrested by authorities on allegations of deleting CCTV footage at Nairobi's Central Police Station, where Ojwang was held before his death.
The man is said to have been arrested on the morning of Friday, June 13, in a supposed targeted operation at his residence in a populous Nairobi estate.
A collage of screenshots showing what happened to Albert Ojwang upon arrival at Mbagathi Hospital on June 8, 2025.
According to sources privy to the situation, the technician, who had overseen the installation of all 25 cameras at the station in 2024, was called on June 8, by a police officer at Central Police Station. Aside from the cameras, the man also installed a digital video recorder (DVR) where all captured footage is stored.
The man claims that the officer urged him to report to the station immediately. Upon arrival, he was taken to the office of a senior officer, where the DVR is housed and was allegedly asked to delete footage from Thursday, June 6, and Friday, June 7.","New CCTV footage shows a police vehicle arriving at Mbagathi Hospital with blogger Albert Ojwang at 1:35 am. Two officers emerge, engage in a brief conversation, and then walk towards the casualty section, leaving Ojwang unattended. Within 24 minutes, officers emerge again with a stretcher and load Ojwang onto it, seemingly after confirming his death.","A close-up shot of a hospital corridor at Mbagathi Hospital in Kenya. A police car pulls up in the background. Two officers wearing uniforms enter the corridor, approach a stretcher, and load it onto a waiting ambulance. A single figure, Albert Ojwang, lies motionless on the stretcher, with no medical personnel present. The atmosphere is somber and silent.",generated_images\news_8ce4f8f9.png,https://www.kenyans.co.ke/news/113117-cctv-footage-shows-albert-ojwangs-final-moments,8ce4f8f9fc4de29baaa281478e66c59c,2025-06-15T08:23:17.576343
EPRA Announces Fuel Prices for June-July,Fuel Prices in June-July Announced by EPRA,"Super petrol prices are set to increase following the latest fuel review by the Energy and Petroleum Regulatory Authority (EPRA). On the other hand, prices for diesel and kerosene are set to decrease.
In the review released on Saturday, June 14, EPRA revealed that petrol had increased by Ksh2.69 per litre, while diesel and kerosene had decreased by Ksh1.95 and Ksh2.06 per litre, respectively.
Consequently, super petrol will retail at Ksh177.32, diesel at Ksh162.91, and kerosene at Ksh146.93 per litre in Nairobi. 
EPRA noted that the calculated maximum retail prices of petroleum products will be in force from Saturday, June 15, to Monday, July 14.
A fuel attendant in Kenya. PHOTO
""In accordance with Section 101(y) of the Petroleum Act 2019 and Legal Notice No.192 of 2022, we have calculated the maximum retail prices of petroleum products which will be in force from June 15 to July 14,"" the statement read in part.
""The prices are inclusive of the 16% Value Added Tax (VAT) in line with the provisions of the Finance Act 2023, the Tax Laws (Amendment) Act 2024, and the revised rates for excise duty adjusted for inflation as per Legal Notice No. 194 of 2020,"" it added.
In Mombasa, super petrol, diesel, and kerosene will all retail at Ksh174.01, Ksh159.62 and Ksh143.64 per litre, respectively. In the lakeside region of Kisumu, the prices of super petrol, diesel and kerosene were set at Ksh177.28, Ksh163.23 and Ksh147.30 per litre, respectively.
Super petrol in Nakuru will retail at Ksh176.47 per litre. Meanwhile, diesel and kerosene will retail at Ksh162.41 and Ksh146.47 per litre, respectively. In Eldoret, super petrol, diesel and kerosene will retail at Ksh177.28, Ksh163.24 and Ksh147.30 per litre, respectively.
According to EPRA, the average landed cost of imported super petrol increased by 0.35 per cent from US$588.16 (Ksh76,166) per cubic metre in April 2025 to US$590.24 (Ksh76,436) in May 2025.
Conversely, diesel decreased by 2.42 per cent from US$594.60 (Ksh77,000) per cubic metre to US$580.23 (Ksh75,139) while Kerosene decreased by 5.14 per cent from US$599.84 (Ksh77,679) per cubic metre to US$569.00 (Ksh73,685) per cubic metre over the same period.
EPRA explained that the price of petroleum products was based on global market trends, as Kenya does not produce or refine its own petroleum; it imports already processed fuel from other countries.
The latest prices are expected to be received with mixed feelings, as motorists on Kenyan roads drive both super petrol and diesel-fuelled vehicles.
Even so, attention now shifts to next month, as Kenyans remain on the lookout for global oil price movements and upcoming EPRA reviews.
Energy and Petroleum Regulatory Authority (EPRA) Director General Daniel Kiptoo during the launch of Coalition for Safety on Thursday, March 13, 2025. PHOTO EPRA","EPRA has revealed that fuel prices in Kenya are set to change due to a recent fuel review, with super petrol prices expected to rise by Ksh2.69 per litre, while diesel and kerosene will decrease. This comes into effect from June 15 to July 14. The changes could impact motor vehicle consumption as higher prices for super petrol might lead to more usage or reduce overall fuel expenditure. Meanwhile, the government's efforts to ensure safety and reliability in fuel supply remain crucial.","Here‚Äôs an image prompt for the given news story:

**Image Prompt: Fuel Prices in Kenya (June-July) with a Visual Comparison**

A map showing regions of Kenya, each labeled with its fuel type (super petrol, diesel, kerosene). A comparison graphic comparing price changes: super petrol prices increased by Ksh2.69 per litre, while diesel and kerosene decreased accordingly. The change begins on June 15 and ends July 14. An illustration of motor vehicles in motion, with one using more fuel (super petrol) and others relying less due to higher prices or reduced expenditure. Numbers indicating price differences for each fuel type are included.",generated_images\news_5c22ccdc.png,https://www.kenyans.co.ke/news/113115-epra-announces-new-fuel-prices-super-petrol-increases-diesel-kerosene-decrease,5c22ccdc20060ed941a277e689e7fba8,2025-06-15T11:18:55.928707
Kenya Air Force Plane Crashes,Crash Accidents In Kenya's Air Force Plane,"Two Kenya Air Force officers were on Saturday, June 14, killed in a plane crash in Kwale County.
The officers were killed in Ndavaya, Kinango, in an incident that was confirmed by County Commissioner Stephen Orinde.
Further, the Kenya Defence Forces (KDF) released a statement confirming the incident and also explained the circumstances that seemingly caused the crash.
Despite confirming two officers on board, they neither confirmed nor denied that the crash claimed the lives of the military personnel.
The wreckage of a Kenya Air Force plane that crashed at Ndavaya in Kinango, Kwale County, on Saturday, June 14, 2025 PHOTO JOASH KEMEI
""Earlier today, 14th June 2025, a Kenya Air Force Grob 120A aircraft experienced an emergency while on a training flight in the general area of Mwakijembe Primary School, Ndavaya, Kwale County,' KDF stated.
""On Board were two pilots. Recovery is ongoing,"" added Kenya's military body.
According to flight records, the ill-fated aircraft departed Mombasa at 11:39 am and was last seen near Diani before disappearing from radar. It crashed at approximately 12:06 pm, just 27 minutes after takeoff.
Images obtained by Kenyans.co.ke showed the disintegrated state of the plane's wreckage, with the roof of the aircraft completely undone. 
Out of the cockpit, only the seats remained, with the nose of the plane left with just spare parts. 
Compared with the plane's tail, which had limited damage, the front section was completely damaged, supposedly signalling the plane nose-dived to the ground. 
The scene of the crash was an open field with vegetation, and other reports suggested that it was a common training area for military personnel. Aside from the two officers, no civilian casualties were reported at the time of publishing.
In the aftermath of the incident, curious onlookers started milling around the scene even as emergency response teams were deployed to the crash site to assist in search and recovery operations. 
The wreckage of a Kenya Air Force plane that crashed at Ndavaya in Kinango, Kwale County, on Saturday, June 14, 2025. PHOTO JOASH KEMEI","Two Kenyan Air Force Pilots Mourn a Plane Disaster.  
On Saturday, June 14, 2025, two Kenyan Air Force pilots were killed in a spectacular plane disaster that occurred near Ndavaya, Kinango, in Kwale County. The incident was confirmed by the County Commissioner Stephen Orinde. Despite claiming to have no confirmed or denied lives on board, it was revealed later that neither pilots confirmed nor denied their fatalities.  
The Kenya Defence Forces released a statement about the crash and explained the circumstances, including the plane‚Äôs disintegration. images from Kenyans.co.ke showed the disintegrated state of the plane‚Äôs wreckage, with only seats remaining in the cockpit and a nose with spare parts. The plane appeared to have hit the ground after diving near the school.  
The scene was noted as an open field, making it a common training area for military personnel. No civilian casualties were reported at the time of publishing.  

[Photo JOASH KEMEI]","[Photo JOASH KEMEI] A serene sunrise over Ndavaya in Kinango, Kwale County, Kenya. The scene is captured with a decomposed plane as the subject, surrounded by surrounding nature. Two Kenyan Air Force pilots face each other outside, symbolizing their roles in the disaster. Soft lighting highlights the dramatic atmosphere of the crash without text or quotes.",generated_images\news_66f85ed2.png,https://www.kenyans.co.ke/news/113113-two-kenya-air-force-officers-killed-kwale-plane-crash,66f85ed2c261e3986d440919fcffc5ed,2025-06-15T11:21:25.283501
Babu Owino Sounds Alarm Over Masked Police at Protests,Babu Owino! üö® Alert! üï∞ Police in Mask! üî• Protests!,"Embakasi East MP Paul Ongili, popularly known as Babu Owino, has called on Inspector General of Police Douglas Kanja to enforce a court ruling that bars police officers from wearing facial masks during protests.
In an official statement, Babu condemned the continued defiance of the ruling issued by Justice Bahati Mwamuye, which declared the use of masks by officers during public demonstrations unconstitutional.
Justice Mwamuye ruled that the use of face coverings by law enforcement officers, especially during protests, violates the principles of accountability and transparency and hinders the identification of state agents when exercising coercive power.
The MP expressed his frustrations that, despite the ruling, officers continued covering their faces during public protests.
Embakasi Member of Babu Owino on May 23, 2025. TWITTER MP BABU OWINO
‚ÄúIt is unacceptable that despite this judicial pronouncement, certain elements within the police service continue to disregard the law with impunity,‚Äù Babu stated.
To ensure that the police remain compliant with this ruling, Babu has called upon Kanja to issue an immediate directive that will ensure the police are following the rule.
‚ÄúNo officer should engage the public in anonymity, especially while wielding force in the name of the state,‚Äù Babu continued.
According to the MP, Kenya should not be left to slide back into a culture of faceless repression. Babu emphasised the importance of all Kenyans, including officers, obeying the law.
‚ÄúThe law is clear, and it must be obeyed by all, especially by those entrusted to enforce it,‚Äù the MP continued.
Police officers have been spotted covering their faces during public protests while using force to disperse Kenyans. The latest case was witnessed on Thursday, June 12.
During the protests, where Kenyans had taken to the streets to demand justice for Albert Ojwang, who had died in police custody, Shakira Wafula, an activist, approached an officer and forcibly pulled off his mask. The officer was part of a contingent deployed to repulse protesters who gathered in the city.
In videos that made the rounds online, Wafula was seen striving to reach for the cloth covering his face, which she grabbed and began pulling off while the officer tried to block her. She eventually pulled it off and quickly ran away.
The issue of masked police officers gained national attention during the 2024 Gen Z protests, when it was noted that these officers killed some protestors, but identifying them became difficult as they had hidden their faces.
Activist Shakira Wafula pulling off a mask from a police officer in Nairobi, June 12, 2025 FACEBOOK UGI MEDIA","Babu Owino, MP Embakasi East, has called for Inspector General of Police Douglas Kanja to enforce the court ruling that bars police officers from wearing face coverings during public protests. The ruling states that such use violates principles of accountability and transparency, hindering state identification during coercive actions. Babu expressed frustration at officers continuing to comply despite the ruling, urging Kanja to issue an immediate directive enforcing this rule. Meanwhile, activists like Shakira Wafula pulled off a face-covering trick from a police officer during a protest in Nairobi, June 12. The incident highlights public scrutiny overmasked police, which gained national attention following Gen Z protests where officers killed some protestors but faced difficulty identifying them due to face covering use. The issue of masked police has sparked calls for Kenyan society to reformed under the law.",Babu Owino! üö® Alert! üï∞ Police in Mask! üî• Protests! üó£Ô∏è,image_generation_failed,https://www.kenyans.co.ke/news/113112-babu-owino-slams-police-defying-court-order-masks-during-protests,b76d8e2e8e1b7c05d37504d442f794e9,2025-06-15T11:23:51.493504
